{"cameraMode":{"drawMode":0,"name":"Shaded","section":"Shading Mode"},"sceneLighting":true,"audioPlay":false,"sceneViewState":{"showFog":true,"showMaterialUpdate":false,"showSkybox":true,"showFlares":true,"showImageEffects":true,"showParticleSystems":true,"showVisualEffectGraphs":true,"m_FxEnabled":true},"in2DMode":false,"pivot":{"x":1.3847987651824952,"y":-0.09794756770133972,"z":-1.1100469827651978},"rotation":{"x":0.010189106687903405,"y":-0.0204008799046278,"z":-0.00022281473502516747,"w":-0.9997876882553101},"size":1.3689701557159424,"orthographic":false}