{"cameraMode":{"drawMode":0,"name":"Shaded","section":"Shading Mode"},"sceneLighting":true,"audioPlay":false,"sceneViewState":{"showFog":true,"showMaterialUpdate":false,"showSkybox":true,"showFlares":true,"showImageEffects":true,"showParticleSystems":true,"showVisualEffectGraphs":true,"m_FxEnabled":true},"in2DMode":false,"pivot":{"x":0.8233582973480225,"y":-3.120157480239868,"z":3.1004223823547365},"rotation":{"x":-0.2995712161064148,"y":0.05776438117027283,"z":-0.018197854980826379,"w":-0.9521932005882263},"size":3.8353841304779054,"orthographic":false}