{"cameraMode":{"drawMode":0,"name":"Shaded","section":"Shading Mode"},"sceneLighting":true,"audioPlay":false,"sceneViewState":{"showFog":true,"showMaterialUpdate":false,"showSkybox":true,"showFlares":true,"showImageEffects":true,"showParticleSystems":true,"showVisualEffectGraphs":true,"m_FxEnabled":true},"in2DMode":false,"pivot":{"x":0.8131393790245056,"y":-0.17339180409908296,"z":-1.1648486852645875},"rotation":{"x":0.01618940196931362,"y":-0.014400580897927285,"z":-0.0002496227971278131,"w":-0.9998120665550232},"size":1.3689701557159424,"orthographic":false}