{"cameraMode":{"drawMode":0,"name":"Shaded","section":"Shading Mode"},"sceneLighting":true,"audioPlay":false,"sceneViewState":{"showFog":true,"showMaterialUpdate":false,"showSkybox":true,"showFlares":true,"showImageEffects":true,"showParticleSystems":true,"showVisualEffectGraphs":true,"m_FxEnabled":true},"in2DMode":false,"pivot":{"x":0.5616233348846436,"y":0.11412472277879715,"z":-0.9316079616546631},"rotation":{"x":0.04317755997180939,"y":-0.009892944246530533,"z":-0.000442923279479146,"w":-0.9990656971931458},"size":1.3689701557159424,"orthographic":false}