{"cameraMode":{"drawMode":0,"name":"Shaded","section":"Shading Mode"},"sceneLighting":true,"audioPlay":false,"sceneViewState":{"showFog":true,"showMaterialUpdate":false,"showSkybox":true,"showFlares":true,"showImageEffects":true,"showParticleSystems":true,"showVisualEffectGraphs":true,"m_FxEnabled":true},"in2DMode":false,"pivot":{"x":1.426829218864441,"y":-0.6479294896125794,"z":-0.27467724680900576},"rotation":{"x":0.07215778529644013,"y":-0.16175465285778047,"z":-0.011881031095981598,"w":-0.9841649532318115},"size":1.5482239723205567,"orthographic":false}