{"cameraMode":{"drawMode":0,"name":"Shaded","section":"Shading Mode"},"sceneLighting":true,"audioPlay":false,"sceneViewState":{"showFog":true,"showMaterialUpdate":false,"showSkybox":true,"showFlares":true,"showImageEffects":true,"showParticleSystems":true,"showVisualEffectGraphs":true,"m_FxEnabled":true},"in2DMode":false,"pivot":{"x":0.9958553314208984,"y":-0.9117116928100586,"z":-1.5276012420654297},"rotation":{"x":-0.21166083216667176,"y":-0.02440771646797657,"z":0.0049796211533248428,"w":-0.9771466255187988},"size":0.8540641069412231,"orthographic":true}