{"cameraMode":{"drawMode":0,"name":"Shaded","section":"Shading Mode"},"sceneLighting":true,"audioPlay":false,"sceneViewState":{"showFog":true,"showMaterialUpdate":false,"showSkybox":true,"showFlares":true,"showImageEffects":true,"showParticleSystems":true,"showVisualEffectGraphs":true,"m_FxEnabled":true},"in2DMode":false,"pivot":{"x":0.026013851165771486,"y":-1.6678260564804078,"z":1.5945935249328614},"rotation":{"x":-0.210093155503273,"y":-0.03607551380991936,"z":0.007731846068054438,"w":-0.9770131707191467},"size":3.307013750076294,"orthographic":false}