{"cameraMode":{"drawMode":0,"name":"Shaded","section":"Shading Mode"},"sceneLighting":true,"audioPlay":false,"sceneViewState":{"showFog":true,"showMaterialUpdate":false,"showSkybox":true,"showFlares":true,"showImageEffects":true,"showParticleSystems":true},"in2DMode":false,"pivot":{"x":-18.89967155456543,"y":-0.7734970450401306,"z":6.492452621459961},"rotation":{"x":0.007799291983246803,"y":-0.5481545329093933,"z":0.0051125576719641689,"w":0.8363251090049744},"size":22.0,"orthographic":false}