{"cameraMode":{"drawMode":0,"name":"Shaded","section":"Shading Mode"},"sceneLighting":true,"audioPlay":false,"sceneViewState":{"showFog":true,"showMaterialUpdate":false,"showSkybox":true,"showFlares":true,"showImageEffects":true,"showParticleSystems":true},"in2DMode":false,"pivot":{"x":1.21317458152771,"y":-1.6874809265136719,"z":5.10283899307251},"rotation":{"x":-0.1396975815296173,"y":0.12647250294685365,"z":-0.017993776127696039,"w":-0.9819193482398987},"size":9.58145809173584,"orthographic":false}