{"cameraMode":{"drawMode":0,"name":"Shaded","section":"Shading Mode"},"sceneLighting":true,"audioPlay":false,"sceneViewState":{"showFog":true,"showMaterialUpdate":false,"showSkybox":true,"showFlares":true,"showImageEffects":true,"showParticleSystems":true,"showVisualEffectGraphs":true,"m_FxEnabled":true},"in2DMode":false,"pivot":{"x":0.947117269039154,"y":0.17335912585258485,"z":-3.3887858390808107},"rotation":{"x":0.23450474441051484,"y":-0.22289134562015534,"z":0.05531708523631096,"w":0.9447008967399597},"size":4.82204008102417,"orthographic":false}