{"cameraMode":{"drawMode":0,"name":"Shaded","section":"Shading Mode"},"sceneLighting":true,"audioPlay":false,"sceneViewState":{"showFog":true,"showMaterialUpdate":false,"showSkybox":true,"showFlares":true,"showImageEffects":true,"showParticleSystems":true,"showVisualEffectGraphs":true,"m_FxEnabled":true},"in2DMode":false,"pivot":{"x":1.8252687454223633,"y":-3.2016589641571047,"z":0.2572343349456787},"rotation":{"x":-0.16220438480377198,"y":0.43710023164749148,"z":-0.8811159729957581,"w":-0.08035518229007721},"size":1.7042897939682007,"orthographic":false}