{"cameraMode":{"drawMode":0,"name":"Shaded","section":"Shading Mode"},"sceneLighting":true,"audioPlay":false,"sceneViewState":{"showFog":true,"showMaterialUpdate":false,"showSkybox":true,"showFlares":true,"showImageEffects":true,"showParticleSystems":true,"showVisualEffectGraphs":true,"m_FxEnabled":true},"in2DMode":false,"pivot":{"x":1.00299870967865,"y":-0.1869896501302719,"z":-1.5132545232772828},"rotation":{"x":0.0006205029203556478,"y":0.9951022267341614,"z":-0.09914987534284592,"w":0.0056866928935050968},"size":0.1868905872106552,"orthographic":false}